<?xml version="1.0" encoding="UTF-8" ?>
<!-- This is a WordPress eXtended RSS file generated by WordPress as an export of your site. -->
<!-- It contains information about your site's posts, pages, comments, categories, and other content. -->
<!-- You may use this file to transfer that content from one site to another. -->
<!-- This file is not intended to serve as a complete backup of your site. -->

<!-- To import this information into a WordPress site follow these steps: -->
<!-- 1. Log in to that site as an administrator. -->
<!-- 2. Go to Tools: Import in the WordPress admin panel. -->
<!-- 3. Install the "WordPress" importer from the list. -->
<!-- 4. Activate & Run Importer. -->
<!-- 5. Upload this file using the form provided on that page. -->
<!-- 6. You will first be asked to map the authors in this export file to users -->
<!--    on the site. For each author, you may choose to map to an -->
<!--    existing user on the site or to create a new user. -->
<!-- 7. WordPress will then import each of the posts, pages, comments, categories, etc. -->
<!--    contained in this file into your site. -->

<!-- generator="WordPress/4.7.9" created="2018-03-18 15:07" -->
<rss version="2.0"
	xmlns:excerpt="http://wordpress.org/export/1.1/excerpt/"
	xmlns:content="http://purl.org/rss/1.0/modules/content/"
	xmlns:wfw="http://wellformedweb.org/CommentAPI/"
	xmlns:dc="http://purl.org/dc/elements/1.1/"
	xmlns:wp="http://wordpress.org/export/1.1/"
>

<channel>
	<title>Wordpress Teste</title>
	<link>http://127.0.0.1/wordpress</link>
	<description>Só mais um site WordPress</description>
	<pubDate>Sun, 18 Mar 2018 15:07:24 +0000</pubDate>
	<language>pb</language>
	<wp:wxr_version>1.1</wp:wxr_version>
	<wp:base_site_url>http://127.0.0.1/wordpress</wp:base_site_url>
	<wp:base_blog_url>http://127.0.0.1/wordpress</wp:base_blog_url>
	<wp:author><wp:author_id>1</wp:author_id><wp:author_login>rodrigo@mamangava.com</wp:author_login><wp:author_email>rodrigobmuniz@gmail.com</wp:author_email><wp:author_display_name><![CDATA[rodrigo@mamangava.com]]></wp:author_display_name><wp:author_first_name><![CDATA[]]></wp:author_first_name><wp:author_last_name><![CDATA[]]></wp:author_last_name></wp:author>
	<item>
		<title>Depoimentos</title>
		<link>http://127.0.0.1/wordpress/?acf=acf_depoimentos</link>
		<pubDate>Fri, 17 Feb 2017 14:16:11 +0000</pubDate>
		<dc:creator>rodrigo@mamangava.com</dc:creator>
		<guid isPermaLink="false">http://127.0.0.1/wordpress/?post_type=acf&#038;p=106</guid>
		<wp:post_id>106</wp:post_id>
		<wp:post_date>2017-02-17 12:16:11</wp:post_date>
		<wp:post_date_gmt>2017-02-17 14:16:11</wp:post_date_gmt>
		<wp:comment_status>closed</wp:comment_status>
		<wp:ping_status>closed</wp:ping_status>
		<wp:post_name>acf_depoimentos</wp:post_name>
		<wp:status>publish</wp:status>
		<wp:post_parent>0</wp:post_parent>
		<wp:menu_order>0</wp:menu_order>
		<wp:post_type>acf</wp:post_type>
		<wp:post_password></wp:post_password>
		<wp:postmeta>
			<wp:meta_key>_edit_last</wp:meta_key>
			<wp:meta_value><![CDATA[1]]></wp:meta_value>
		</wp:postmeta>
		<wp:postmeta>
			<wp:meta_key>position</wp:meta_key>
			<wp:meta_value><![CDATA[normal]]></wp:meta_value>
		</wp:postmeta>
		<wp:postmeta>
			<wp:meta_key>layout</wp:meta_key>
			<wp:meta_value><![CDATA[no_box]]></wp:meta_value>
		</wp:postmeta>
		<wp:postmeta>
			<wp:meta_key>hide_on_screen</wp:meta_key>
			<wp:meta_value><![CDATA[a:14:{i:0;s:9:"permalink";i:1;s:11:"the_content";i:2;s:7:"excerpt";i:3;s:13:"custom_fields";i:4;s:10:"discussion";i:5;s:8:"comments";i:6;s:9:"revisions";i:7;s:4:"slug";i:8;s:6:"author";i:9;s:6:"format";i:10;s:14:"featured_image";i:11;s:10:"categories";i:12;s:4:"tags";i:13;s:15:"send-trackbacks";}]]></wp:meta_value>
		</wp:postmeta>
		<wp:postmeta>
			<wp:meta_key>field_58a705b560ee5</wp:meta_key>
			<wp:meta_value><![CDATA[a:14:{s:3:"key";s:19:"field_58a705b560ee5";s:5:"label";s:7:"Título";s:4:"name";s:6:"titulo";s:4:"type";s:4:"text";s:12:"instructions";s:0:"";s:8:"required";s:1:"1";s:13:"default_value";s:21:"Título do depoimento";s:11:"placeholder";s:0:"";s:7:"prepend";s:0:"";s:6:"append";s:0:"";s:10:"formatting";s:4:"none";s:9:"maxlength";s:2:"60";s:17:"conditional_logic";a:3:{s:6:"status";s:1:"0";s:5:"rules";a:1:{i:0;a:3:{s:5:"field";s:4:"null";s:8:"operator";s:2:"==";s:5:"value";s:0:"";}}s:8:"allorany";s:3:"all";}s:8:"order_no";i:0;}]]></wp:meta_value>
		</wp:postmeta>
		<wp:postmeta>
			<wp:meta_key>field_58a705e060ee6</wp:meta_key>
			<wp:meta_value><![CDATA[a:13:{s:3:"key";s:19:"field_58a705e060ee6";s:5:"label";s:10:"Depoimento";s:4:"name";s:10:"depoimento";s:4:"type";s:8:"textarea";s:12:"instructions";s:0:"";s:8:"required";s:1:"1";s:13:"default_value";s:10:"Depoimento";s:11:"placeholder";s:0:"";s:9:"maxlength";s:3:"350";s:4:"rows";s:0:"";s:10:"formatting";s:2:"br";s:17:"conditional_logic";a:3:{s:6:"status";s:1:"0";s:5:"rules";a:1:{i:0;a:2:{s:5:"field";s:4:"null";s:8:"operator";s:2:"==";}}s:8:"allorany";s:3:"all";}s:8:"order_no";i:1;}]]></wp:meta_value>
		</wp:postmeta>
		<wp:postmeta>
			<wp:meta_key>field_58a7060160ee7</wp:meta_key>
			<wp:meta_value><![CDATA[a:14:{s:3:"key";s:19:"field_58a7060160ee7";s:5:"label";s:5:"Autor";s:4:"name";s:5:"autor";s:4:"type";s:4:"text";s:12:"instructions";s:0:"";s:8:"required";s:1:"1";s:13:"default_value";s:27:"Nome do autor do depoimento";s:11:"placeholder";s:0:"";s:7:"prepend";s:0:"";s:6:"append";s:0:"";s:10:"formatting";s:4:"none";s:9:"maxlength";s:0:"";s:17:"conditional_logic";a:3:{s:6:"status";s:1:"0";s:5:"rules";a:1:{i:0;a:3:{s:5:"field";s:4:"null";s:8:"operator";s:2:"==";s:5:"value";s:0:"";}}s:8:"allorany";s:3:"all";}s:8:"order_no";i:2;}]]></wp:meta_value>
		</wp:postmeta>
		<wp:postmeta>
			<wp:meta_key>field_58a7061f60ee8</wp:meta_key>
			<wp:meta_value><![CDATA[a:14:{s:3:"key";s:19:"field_58a7061f60ee8";s:5:"label";s:19:"Referencia do autor";s:4:"name";s:19:"referencia_do_autor";s:4:"type";s:4:"text";s:12:"instructions";s:0:"";s:8:"required";s:1:"1";s:13:"default_value";s:37:"Informação para referenciar o autor";s:11:"placeholder";s:0:"";s:7:"prepend";s:0:"";s:6:"append";s:0:"";s:10:"formatting";s:4:"none";s:9:"maxlength";s:0:"";s:17:"conditional_logic";a:3:{s:6:"status";s:1:"0";s:5:"rules";a:1:{i:0;a:3:{s:5:"field";s:4:"null";s:8:"operator";s:2:"==";s:5:"value";s:0:"";}}s:8:"allorany";s:3:"all";}s:8:"order_no";i:3;}]]></wp:meta_value>
		</wp:postmeta>
		<wp:postmeta>
			<wp:meta_key>field_58a7069460ee9</wp:meta_key>
			<wp:meta_value><![CDATA[a:11:{s:3:"key";s:19:"field_58a7069460ee9";s:5:"label";s:4:"Foto";s:4:"name";s:4:"foto";s:4:"type";s:5:"image";s:12:"instructions";s:0:"";s:8:"required";s:1:"1";s:11:"save_format";s:3:"url";s:12:"preview_size";s:9:"thumbnail";s:7:"library";s:3:"all";s:17:"conditional_logic";a:3:{s:6:"status";s:1:"0";s:5:"rules";a:1:{i:0;a:3:{s:5:"field";s:4:"null";s:8:"operator";s:2:"==";s:5:"value";s:0:"";}}s:8:"allorany";s:3:"all";}s:8:"order_no";i:4;}]]></wp:meta_value>
		</wp:postmeta>
		<wp:postmeta>
			<wp:meta_key>rule</wp:meta_key>
			<wp:meta_value><![CDATA[a:5:{s:5:"param";s:9:"post_type";s:8:"operator";s:2:"==";s:5:"value";s:10:"depoimento";s:8:"order_no";i:0;s:8:"group_no";i:0;}]]></wp:meta_value>
		</wp:postmeta>
	</item>
	<item>
		<title>Landing page - 2.0</title>
		<link>http://127.0.0.1/wordpress/?acf=acf_landing-page-2-0</link>
		<pubDate>Sat, 17 Mar 2018 14:16:39 +0000</pubDate>
		<dc:creator>rodrigo@mamangava.com</dc:creator>
		<guid isPermaLink="false">http://127.0.0.1/wordpress/?post_type=acf&#038;p=127</guid>
		<wp:post_id>127</wp:post_id>
		<wp:post_date>2018-03-17 11:16:39</wp:post_date>
		<wp:post_date_gmt>2018-03-17 14:16:39</wp:post_date_gmt>
		<wp:comment_status>closed</wp:comment_status>
		<wp:ping_status>closed</wp:ping_status>
		<wp:post_name>acf_landing-page-2-0</wp:post_name>
		<wp:status>publish</wp:status>
		<wp:post_parent>0</wp:post_parent>
		<wp:menu_order>0</wp:menu_order>
		<wp:post_type>acf</wp:post_type>
		<wp:post_password></wp:post_password>
		<wp:postmeta>
			<wp:meta_key>_edit_last</wp:meta_key>
			<wp:meta_value><![CDATA[1]]></wp:meta_value>
		</wp:postmeta>
		<wp:postmeta>
			<wp:meta_key>position</wp:meta_key>
			<wp:meta_value><![CDATA[normal]]></wp:meta_value>
		</wp:postmeta>
		<wp:postmeta>
			<wp:meta_key>layout</wp:meta_key>
			<wp:meta_value><![CDATA[no_box]]></wp:meta_value>
		</wp:postmeta>
		<wp:postmeta>
			<wp:meta_key>hide_on_screen</wp:meta_key>
			<wp:meta_value><![CDATA[a:14:{i:0;s:9:"permalink";i:1;s:11:"the_content";i:2;s:7:"excerpt";i:3;s:13:"custom_fields";i:4;s:10:"discussion";i:5;s:8:"comments";i:6;s:9:"revisions";i:7;s:4:"slug";i:8;s:6:"author";i:9;s:6:"format";i:10;s:14:"featured_image";i:11;s:10:"categories";i:12;s:4:"tags";i:13;s:15:"send-trackbacks";}]]></wp:meta_value>
		</wp:postmeta>
		<wp:postmeta>
			<wp:meta_key>field_5aad234a4af8e</wp:meta_key>
			<wp:meta_value><![CDATA[a:14:{s:3:"key";s:19:"field_5aad234a4af8e";s:5:"label";s:5:"Title";s:4:"name";s:5:"title";s:4:"type";s:4:"text";s:12:"instructions";s:0:"";s:8:"required";s:1:"1";s:13:"default_value";s:4:"Lets";s:11:"placeholder";s:0:"";s:7:"prepend";s:0:"";s:6:"append";s:0:"";s:10:"formatting";s:4:"none";s:9:"maxlength";s:0:"";s:17:"conditional_logic";a:3:{s:6:"status";s:1:"0";s:5:"rules";a:1:{i:0;a:3:{s:5:"field";s:4:"null";s:8:"operator";s:2:"==";s:5:"value";s:0:"";}}s:8:"allorany";s:3:"all";}s:8:"order_no";i:0;}]]></wp:meta_value>
		</wp:postmeta>
		<wp:postmeta>
			<wp:meta_key>field_5aad245c9840c</wp:meta_key>
			<wp:meta_value><![CDATA[a:8:{s:3:"key";s:19:"field_5aad245c9840c";s:5:"label";s:15:"Olá Tecnologia";s:4:"name";s:0:"";s:4:"type";s:3:"tab";s:12:"instructions";s:0:"";s:8:"required";s:1:"0";s:17:"conditional_logic";a:3:{s:6:"status";s:1:"0";s:5:"rules";a:1:{i:0;a:3:{s:5:"field";s:4:"null";s:8:"operator";s:2:"==";s:5:"value";s:0:"";}}s:8:"allorany";s:3:"all";}s:8:"order_no";i:1;}]]></wp:meta_value>
		</wp:postmeta>
		<wp:postmeta>
			<wp:meta_key>field_5aad248e9840d</wp:meta_key>
			<wp:meta_value><![CDATA[a:11:{s:3:"key";s:19:"field_5aad248e9840d";s:5:"label";s:25:"Background Ola Tecnologia";s:4:"name";s:25:"background_ola_tecnologia";s:4:"type";s:5:"image";s:12:"instructions";s:0:"";s:8:"required";s:1:"1";s:11:"save_format";s:3:"url";s:12:"preview_size";s:6:"medium";s:7:"library";s:3:"all";s:17:"conditional_logic";a:3:{s:6:"status";s:1:"0";s:5:"rules";a:1:{i:0;a:3:{s:5:"field";s:4:"null";s:8:"operator";s:2:"==";s:5:"value";s:0:"";}}s:8:"allorany";s:3:"all";}s:8:"order_no";i:2;}]]></wp:meta_value>
		</wp:postmeta>
		<wp:postmeta>
			<wp:meta_key>field_5aad24f99840e</wp:meta_key>
			<wp:meta_value><![CDATA[a:14:{s:3:"key";s:19:"field_5aad24f99840e";s:5:"label";s:10:"Saudação";s:4:"name";s:8:"saudacao";s:4:"type";s:4:"text";s:12:"instructions";s:0:"";s:8:"required";s:1:"1";s:13:"default_value";s:5:"Olá,";s:11:"placeholder";s:0:"";s:7:"prepend";s:0:"";s:6:"append";s:0:"";s:10:"formatting";s:4:"none";s:9:"maxlength";s:0:"";s:17:"conditional_logic";a:3:{s:6:"status";s:1:"0";s:5:"rules";a:1:{i:0;a:3:{s:5:"field";s:4:"null";s:8:"operator";s:2:"==";s:5:"value";s:0:"";}}s:8:"allorany";s:3:"all";}s:8:"order_no";i:3;}]]></wp:meta_value>
		</wp:postmeta>
		<wp:postmeta>
			<wp:meta_key>field_5aad25189840f</wp:meta_key>
			<wp:meta_value><![CDATA[a:14:{s:3:"key";s:19:"field_5aad25189840f";s:5:"label";s:26:"Parágrafo Olá Tecnologia";s:4:"name";s:24:"paragrafo_ola_tecnologia";s:4:"type";s:4:"text";s:12:"instructions";s:0:"";s:8:"required";s:1:"1";s:13:"default_value";s:116:"O jeito mais simples de gerenciar seus ingressos, inscrições e listas de convidades para todos os tipos de evento.";s:11:"placeholder";s:0:"";s:7:"prepend";s:0:"";s:6:"append";s:0:"";s:10:"formatting";s:4:"none";s:9:"maxlength";s:0:"";s:17:"conditional_logic";a:3:{s:6:"status";s:1:"0";s:5:"rules";a:1:{i:0;a:3:{s:5:"field";s:4:"null";s:8:"operator";s:2:"==";s:5:"value";s:0:"";}}s:8:"allorany";s:3:"all";}s:8:"order_no";i:5;}]]></wp:meta_value>
		</wp:postmeta>
		<wp:postmeta>
			<wp:meta_key>field_5aad254198410</wp:meta_key>
			<wp:meta_value><![CDATA[a:14:{s:3:"key";s:19:"field_5aad254198410";s:5:"label";s:6:"Botão";s:4:"name";s:20:"botao-ola-tecnologia";s:4:"type";s:4:"text";s:12:"instructions";s:0:"";s:8:"required";s:1:"1";s:13:"default_value";s:24:"comece agora. é grátis";s:11:"placeholder";s:0:"";s:7:"prepend";s:0:"";s:6:"append";s:0:"";s:10:"formatting";s:4:"html";s:9:"maxlength";s:0:"";s:17:"conditional_logic";a:3:{s:6:"status";s:1:"0";s:5:"rules";a:1:{i:0;a:3:{s:5:"field";s:4:"null";s:8:"operator";s:2:"==";s:5:"value";s:0:"";}}s:8:"allorany";s:3:"all";}s:8:"order_no";i:6;}]]></wp:meta_value>
		</wp:postmeta>
		<wp:postmeta>
			<wp:meta_key>field_5aad29611e7ec</wp:meta_key>
			<wp:meta_value><![CDATA[a:14:{s:3:"key";s:19:"field_5aad29611e7ec";s:5:"label";s:19:"Áreas de Atuação";s:4:"name";s:13:"areas-atuacao";s:4:"type";s:4:"text";s:12:"instructions";s:0:"";s:8:"required";s:1:"1";s:13:"default_value";s:27:"Tecnologia, Eventos, Outros";s:11:"placeholder";s:0:"";s:7:"prepend";s:0:"";s:6:"append";s:0:"";s:10:"formatting";s:4:"html";s:9:"maxlength";s:0:"";s:17:"conditional_logic";a:3:{s:6:"status";s:1:"0";s:5:"rules";a:1:{i:0;a:3:{s:5:"field";s:4:"null";s:8:"operator";s:2:"==";s:5:"value";s:0:"";}}s:8:"allorany";s:3:"all";}s:8:"order_no";i:4;}]]></wp:meta_value>
		</wp:postmeta>
		<wp:postmeta>
			<wp:meta_key>field_5aae56b0985f7</wp:meta_key>
			<wp:meta_value><![CDATA[a:14:{s:3:"key";s:19:"field_5aae56b0985f7";s:5:"label";s:26:"Botão Falar com Consultor";s:4:"name";s:25:"botao_falar_com_consultor";s:4:"type";s:4:"text";s:12:"instructions";s:0:"";s:8:"required";s:1:"1";s:13:"default_value";s:22:"Falar com um Consultor";s:11:"placeholder";s:0:"";s:7:"prepend";s:0:"";s:6:"append";s:0:"";s:10:"formatting";s:4:"none";s:9:"maxlength";s:0:"";s:17:"conditional_logic";a:3:{s:6:"status";s:1:"0";s:5:"rules";a:1:{i:0;a:3:{s:5:"field";s:4:"null";s:8:"operator";s:2:"==";s:5:"value";s:0:"";}}s:8:"allorany";s:3:"all";}s:8:"order_no";i:7;}]]></wp:meta_value>
		</wp:postmeta>
		<wp:postmeta>
			<wp:meta_key>field_5aae56ed678d6</wp:meta_key>
			<wp:meta_value><![CDATA[a:14:{s:3:"key";s:19:"field_5aae56ed678d6";s:5:"label";s:18:"Role para ver mais";s:4:"name";s:18:"role_para_ver_mais";s:4:"type";s:4:"text";s:12:"instructions";s:0:"";s:8:"required";s:1:"1";s:13:"default_value";s:18:"Role para ver mais";s:11:"placeholder";s:0:"";s:7:"prepend";s:0:"";s:6:"append";s:0:"";s:10:"formatting";s:4:"none";s:9:"maxlength";s:0:"";s:17:"conditional_logic";a:3:{s:6:"status";s:1:"0";s:5:"rules";a:1:{i:0;a:3:{s:5:"field";s:4:"null";s:8:"operator";s:2:"==";s:5:"value";s:0:"";}}s:8:"allorany";s:3:"all";}s:8:"order_no";i:8;}]]></wp:meta_value>
		</wp:postmeta>
		<wp:postmeta>
			<wp:meta_key>field_5aae5a3abdb9b</wp:meta_key>
			<wp:meta_value><![CDATA[a:8:{s:3:"key";s:19:"field_5aae5a3abdb9b";s:5:"label";s:19:"Na mesma plataforma";s:4:"name";s:0:"";s:4:"type";s:3:"tab";s:12:"instructions";s:0:"";s:8:"required";s:1:"0";s:17:"conditional_logic";a:3:{s:6:"status";s:1:"0";s:5:"rules";a:1:{i:0;a:3:{s:5:"field";s:4:"null";s:8:"operator";s:2:"==";s:5:"value";s:0:"";}}s:8:"allorany";s:3:"all";}s:8:"order_no";i:9;}]]></wp:meta_value>
		</wp:postmeta>
		<wp:postmeta>
			<wp:meta_key>field_5aae5a50bdb9c</wp:meta_key>
			<wp:meta_value><![CDATA[a:11:{s:3:"key";s:19:"field_5aae5a50bdb9c";s:5:"label";s:29:"Na mesma plataforma paragrafo";s:4:"name";s:29:"na_mesma_plataforma_paragrafo";s:4:"type";s:7:"wysiwyg";s:12:"instructions";s:0:"";s:8:"required";s:1:"1";s:13:"default_value";s:137:"Na mesma plataforma, você vende ingressos, administra suas listas de convidados e coleta informações importantes sobre o seu público.";s:7:"toolbar";s:5:"basic";s:12:"media_upload";s:2:"no";s:17:"conditional_logic";a:3:{s:6:"status";s:1:"0";s:5:"rules";a:1:{i:0;a:3:{s:5:"field";s:4:"null";s:8:"operator";s:2:"==";s:5:"value";s:0:"";}}s:8:"allorany";s:3:"all";}s:8:"order_no";i:10;}]]></wp:meta_value>
		</wp:postmeta>
		<wp:postmeta>
			<wp:meta_key>field_5aae5b9bbbe7b</wp:meta_key>
			<wp:meta_value><![CDATA[a:8:{s:3:"key";s:19:"field_5aae5b9bbbe7b";s:5:"label";s:10:"Venda mais";s:4:"name";s:0:"";s:4:"type";s:3:"tab";s:12:"instructions";s:0:"";s:8:"required";s:1:"0";s:17:"conditional_logic";a:3:{s:6:"status";s:1:"0";s:5:"rules";a:1:{i:0;a:3:{s:5:"field";s:4:"null";s:8:"operator";s:2:"==";s:5:"value";s:0:"";}}s:8:"allorany";s:3:"all";}s:8:"order_no";i:11;}]]></wp:meta_value>
		</wp:postmeta>
		<wp:postmeta>
			<wp:meta_key>field_5aae5ba7bbe7c</wp:meta_key>
			<wp:meta_value><![CDATA[a:14:{s:3:"key";s:19:"field_5aae5ba7bbe7c";s:5:"label";s:19:"Vendas mais título";s:4:"name";s:18:"vendas_mais_titulo";s:4:"type";s:4:"text";s:12:"instructions";s:0:"";s:8:"required";s:1:"1";s:13:"default_value";s:39:"VENDA MAIS INGRESSOS COM MENOS TRABALHO";s:11:"placeholder";s:0:"";s:7:"prepend";s:0:"";s:6:"append";s:0:"";s:10:"formatting";s:4:"none";s:9:"maxlength";s:0:"";s:17:"conditional_logic";a:3:{s:6:"status";s:1:"0";s:5:"rules";a:1:{i:0;a:3:{s:5:"field";s:4:"null";s:8:"operator";s:2:"==";s:5:"value";s:0:"";}}s:8:"allorany";s:3:"all";}s:8:"order_no";i:12;}]]></wp:meta_value>
		</wp:postmeta>
		<wp:postmeta>
			<wp:meta_key>field_5aae5bcabbe7d</wp:meta_key>
			<wp:meta_value><![CDATA[a:14:{s:3:"key";s:19:"field_5aae5bcabbe7d";s:5:"label";s:24:"Vendas mais lista item 1";s:4:"name";s:24:"vendas_mais_lista_item_1";s:4:"type";s:4:"text";s:12:"instructions";s:0:"";s:8:"required";s:1:"1";s:13:"default_value";s:41:"Comece a vender com facilidade e rapidez.";s:11:"placeholder";s:0:"";s:7:"prepend";s:0:"";s:6:"append";s:0:"";s:10:"formatting";s:4:"html";s:9:"maxlength";s:0:"";s:17:"conditional_logic";a:3:{s:6:"status";s:1:"0";s:5:"rules";a:1:{i:0;a:3:{s:5:"field";s:4:"null";s:8:"operator";s:2:"==";s:5:"value";s:0:"";}}s:8:"allorany";s:3:"all";}s:8:"order_no";i:13;}]]></wp:meta_value>
		</wp:postmeta>
		<wp:postmeta>
			<wp:meta_key>field_5aae5bdfbbe7e</wp:meta_key>
			<wp:meta_value><![CDATA[a:14:{s:3:"key";s:19:"field_5aae5bdfbbe7e";s:5:"label";s:24:"Vendas mais lista item 2";s:4:"name";s:24:"vendas_mais_lista_item_2";s:4:"type";s:4:"text";s:12:"instructions";s:0:"";s:8:"required";s:1:"1";s:13:"default_value";s:53:"Acelere suas vendas com as melhores taxas do mercado.";s:11:"placeholder";s:0:"";s:7:"prepend";s:0:"";s:6:"append";s:0:"";s:10:"formatting";s:4:"none";s:9:"maxlength";s:0:"";s:17:"conditional_logic";a:3:{s:6:"status";s:1:"0";s:5:"rules";a:1:{i:0;a:3:{s:5:"field";s:4:"null";s:8:"operator";s:2:"==";s:5:"value";s:0:"";}}s:8:"allorany";s:3:"all";}s:8:"order_no";i:14;}]]></wp:meta_value>
		</wp:postmeta>
		<wp:postmeta>
			<wp:meta_key>field_5aae5be9bbe7f</wp:meta_key>
			<wp:meta_value><![CDATA[a:14:{s:3:"key";s:19:"field_5aae5be9bbe7f";s:5:"label";s:24:"Vendas mais lista item 3";s:4:"name";s:24:"vendas_mais_lista_item_3";s:4:"type";s:4:"text";s:12:"instructions";s:0:"";s:8:"required";s:1:"1";s:13:"default_value";s:63:"Aumente seus lucros, venda parcelado ou com desconto no boleto.";s:11:"placeholder";s:0:"";s:7:"prepend";s:0:"";s:6:"append";s:0:"";s:10:"formatting";s:4:"none";s:9:"maxlength";s:0:"";s:17:"conditional_logic";a:3:{s:6:"status";s:1:"0";s:5:"rules";a:1:{i:0;a:3:{s:5:"field";s:4:"null";s:8:"operator";s:2:"==";s:5:"value";s:0:"";}}s:8:"allorany";s:3:"all";}s:8:"order_no";i:15;}]]></wp:meta_value>
		</wp:postmeta>
		<wp:postmeta>
			<wp:meta_key>field_5aae5c91b79e3</wp:meta_key>
			<wp:meta_value><![CDATA[a:8:{s:3:"key";s:19:"field_5aae5c91b79e3";s:5:"label";s:9:"Sua Lista";s:4:"name";s:0:"";s:4:"type";s:3:"tab";s:12:"instructions";s:0:"";s:8:"required";s:1:"0";s:17:"conditional_logic";a:3:{s:6:"status";s:1:"0";s:5:"rules";a:1:{i:0;a:3:{s:5:"field";s:4:"null";s:8:"operator";s:2:"==";s:5:"value";s:0:"";}}s:8:"allorany";s:3:"all";}s:8:"order_no";i:16;}]]></wp:meta_value>
		</wp:postmeta>
		<wp:postmeta>
			<wp:meta_key>field_5aae5cb7b79e4</wp:meta_key>
			<wp:meta_value><![CDATA[a:14:{s:3:"key";s:19:"field_5aae5cb7b79e4";s:5:"label";s:16:"Sua Lista titulo";s:4:"name";s:16:"sua_lista_titulo";s:4:"type";s:4:"text";s:12:"instructions";s:0:"";s:8:"required";s:1:"1";s:13:"default_value";s:44:"Sua lista de convidados agora é inteligente";s:11:"placeholder";s:0:"";s:7:"prepend";s:0:"";s:6:"append";s:0:"";s:10:"formatting";s:4:"none";s:9:"maxlength";s:0:"";s:17:"conditional_logic";a:3:{s:6:"status";s:1:"0";s:5:"rules";a:1:{i:0;a:3:{s:5:"field";s:4:"null";s:8:"operator";s:2:"==";s:5:"value";s:0:"";}}s:8:"allorany";s:3:"all";}s:8:"order_no";i:17;}]]></wp:meta_value>
		</wp:postmeta>
		<wp:postmeta>
			<wp:meta_key>field_5aae5cc3b79e5</wp:meta_key>
			<wp:meta_value><![CDATA[a:14:{s:3:"key";s:19:"field_5aae5cc3b79e5";s:5:"label";s:16:"Sua Lista item 1";s:4:"name";s:16:"sua_lista_item_1";s:4:"type";s:4:"text";s:12:"instructions";s:0:"";s:8:"required";s:1:"1";s:13:"default_value";s:38:"Gerencie seus convidados sem esforço.";s:11:"placeholder";s:0:"";s:7:"prepend";s:0:"";s:6:"append";s:0:"";s:10:"formatting";s:4:"none";s:9:"maxlength";s:0:"";s:17:"conditional_logic";a:3:{s:6:"status";s:1:"0";s:5:"rules";a:1:{i:0;a:3:{s:5:"field";s:4:"null";s:8:"operator";s:2:"==";s:5:"value";s:0:"";}}s:8:"allorany";s:3:"all";}s:8:"order_no";i:18;}]]></wp:meta_value>
		</wp:postmeta>
		<wp:postmeta>
			<wp:meta_key>field_5aae5cd2b79e6</wp:meta_key>
			<wp:meta_value><![CDATA[a:14:{s:3:"key";s:19:"field_5aae5cd2b79e6";s:5:"label";s:16:"Sua Lista item 2";s:4:"name";s:16:"sua_lista_item_2";s:4:"type";s:4:"text";s:12:"instructions";s:0:"";s:8:"required";s:1:"1";s:13:"default_value";s:54:"Economize na entrada com nosso check-in super rápido!";s:11:"placeholder";s:0:"";s:7:"prepend";s:0:"";s:6:"append";s:0:"";s:10:"formatting";s:4:"none";s:9:"maxlength";s:0:"";s:17:"conditional_logic";a:3:{s:6:"status";s:1:"0";s:5:"rules";a:1:{i:0;a:3:{s:5:"field";s:4:"null";s:8:"operator";s:2:"==";s:5:"value";s:0:"";}}s:8:"allorany";s:3:"all";}s:8:"order_no";i:19;}]]></wp:meta_value>
		</wp:postmeta>
		<wp:postmeta>
			<wp:meta_key>field_5aae5ce0b79e7</wp:meta_key>
			<wp:meta_value><![CDATA[a:14:{s:3:"key";s:19:"field_5aae5ce0b79e7";s:5:"label";s:16:"Sua Lista item 3";s:4:"name";s:16:"sua_lista_item_3";s:4:"type";s:4:"text";s:12:"instructions";s:0:"";s:8:"required";s:1:"0";s:13:"default_value";s:41:"Viralize suas listas convidando por link.";s:11:"placeholder";s:0:"";s:7:"prepend";s:0:"";s:6:"append";s:0:"";s:10:"formatting";s:4:"none";s:9:"maxlength";s:0:"";s:17:"conditional_logic";a:3:{s:6:"status";s:1:"0";s:5:"rules";a:1:{i:0;a:3:{s:5:"field";s:4:"null";s:8:"operator";s:2:"==";s:5:"value";s:0:"";}}s:8:"allorany";s:3:"all";}s:8:"order_no";i:20;}]]></wp:meta_value>
		</wp:postmeta>
		<wp:postmeta>
			<wp:meta_key>field_5aae5d95fd3f6</wp:meta_key>
			<wp:meta_value><![CDATA[a:8:{s:3:"key";s:19:"field_5aae5d95fd3f6";s:5:"label";s:24:"Formidáveis em conjunto";s:4:"name";s:0:"";s:4:"type";s:3:"tab";s:12:"instructions";s:0:"";s:8:"required";s:1:"0";s:17:"conditional_logic";a:3:{s:6:"status";s:1:"0";s:5:"rules";a:1:{i:0;a:3:{s:5:"field";s:4:"null";s:8:"operator";s:2:"==";s:5:"value";s:0:"";}}s:8:"allorany";s:3:"all";}s:8:"order_no";i:21;}]]></wp:meta_value>
		</wp:postmeta>
		<wp:postmeta>
			<wp:meta_key>field_5aae5db4fd3f7</wp:meta_key>
			<wp:meta_value><![CDATA[a:14:{s:3:"key";s:19:"field_5aae5db4fd3f7";s:5:"label";s:31:"Formidáveis em conjunto titulo";s:4:"name";s:30:"formidaveis_em_conjunto_titulo";s:4:"type";s:4:"text";s:12:"instructions";s:0:"";s:8:"required";s:1:"1";s:13:"default_value";s:46:"excelentes sozinhos, formidáveis em conjunto.";s:11:"placeholder";s:0:"";s:7:"prepend";s:0:"";s:6:"append";s:0:"";s:10:"formatting";s:4:"none";s:9:"maxlength";s:0:"";s:17:"conditional_logic";a:3:{s:6:"status";s:1:"0";s:5:"rules";a:1:{i:0;a:3:{s:5:"field";s:4:"null";s:8:"operator";s:2:"==";s:5:"value";s:0:"";}}s:8:"allorany";s:3:"all";}s:8:"order_no";i:22;}]]></wp:meta_value>
		</wp:postmeta>
		<wp:postmeta>
			<wp:meta_key>field_5aae5e6cdb0b7</wp:meta_key>
			<wp:meta_value><![CDATA[a:8:{s:3:"key";s:19:"field_5aae5e6cdb0b7";s:5:"label";s:14:"Melhores taxas";s:4:"name";s:0:"";s:4:"type";s:3:"tab";s:12:"instructions";s:0:"";s:8:"required";s:1:"0";s:17:"conditional_logic";a:3:{s:6:"status";s:1:"0";s:5:"rules";a:1:{i:0;a:3:{s:5:"field";s:4:"null";s:8:"operator";s:2:"==";s:5:"value";s:0:"";}}s:8:"allorany";s:3:"all";}s:8:"order_no";i:23;}]]></wp:meta_value>
		</wp:postmeta>
		<wp:postmeta>
			<wp:meta_key>field_5aae5e88db0b8</wp:meta_key>
			<wp:meta_value><![CDATA[a:14:{s:3:"key";s:19:"field_5aae5e88db0b8";s:5:"label";s:23:"Melhores taxas titulo 1";s:4:"name";s:23:"melhores_taxas_titulo_1";s:4:"type";s:4:"text";s:12:"instructions";s:0:"";s:8:"required";s:1:"1";s:13:"default_value";s:28:"AS MELHORES TAXAS DO MERCADO";s:11:"placeholder";s:0:"";s:7:"prepend";s:0:"";s:6:"append";s:0:"";s:10:"formatting";s:4:"none";s:9:"maxlength";s:0:"";s:17:"conditional_logic";a:3:{s:6:"status";s:1:"0";s:5:"rules";a:1:{i:0;a:3:{s:5:"field";s:4:"null";s:8:"operator";s:2:"==";s:5:"value";s:0:"";}}s:8:"allorany";s:3:"all";}s:8:"order_no";i:24;}]]></wp:meta_value>
		</wp:postmeta>
		<wp:postmeta>
			<wp:meta_key>field_5aae5eabdb0b9</wp:meta_key>
			<wp:meta_value><![CDATA[a:14:{s:3:"key";s:19:"field_5aae5eabdb0b9";s:5:"label";s:26:"Melhores taxas descrição";s:4:"name";s:24:"melhores_taxas_descricao";s:4:"type";s:4:"text";s:12:"instructions";s:0:"";s:8:"required";s:1:"1";s:13:"default_value";s:137:"Na mesma plataforma, você vende ingressos, administra suas listas de convidados e coleta informações importantes sobre o seu público.";s:11:"placeholder";s:0:"";s:7:"prepend";s:0:"";s:6:"append";s:0:"";s:10:"formatting";s:4:"none";s:9:"maxlength";s:0:"";s:17:"conditional_logic";a:3:{s:6:"status";s:1:"0";s:5:"rules";a:1:{i:0;a:3:{s:5:"field";s:4:"null";s:8:"operator";s:2:"==";s:5:"value";s:0:"";}}s:8:"allorany";s:3:"all";}s:8:"order_no";i:25;}]]></wp:meta_value>
		</wp:postmeta>
		<wp:postmeta>
			<wp:meta_key>field_5aae5f0adb0ba</wp:meta_key>
			<wp:meta_value><![CDATA[a:14:{s:3:"key";s:19:"field_5aae5f0adb0ba";s:5:"label";s:23:"Melhores taxas titulo 2";s:4:"name";s:23:"melhores_taxas_titulo_2";s:4:"type";s:4:"text";s:12:"instructions";s:0:"";s:8:"required";s:1:"1";s:13:"default_value";s:22:"TAXA POR INGRESSO PAGO";s:11:"placeholder";s:0:"";s:7:"prepend";s:0:"";s:6:"append";s:0:"";s:10:"formatting";s:4:"none";s:9:"maxlength";s:0:"";s:17:"conditional_logic";a:3:{s:6:"status";s:1:"0";s:5:"rules";a:1:{i:0;a:3:{s:5:"field";s:4:"null";s:8:"operator";s:2:"==";s:5:"value";s:0:"";}}s:8:"allorany";s:3:"all";}s:8:"order_no";i:26;}]]></wp:meta_value>
		</wp:postmeta>
		<wp:postmeta>
			<wp:meta_key>field_5aae5f1ddb0bb</wp:meta_key>
			<wp:meta_value><![CDATA[a:11:{s:3:"key";s:19:"field_5aae5f1ddb0bb";s:5:"label";s:23:"Melhores taxas cartões";s:4:"name";s:22:"melhores_taxas_cartoes";s:4:"type";s:7:"wysiwyg";s:12:"instructions";s:0:"";s:8:"required";s:1:"1";s:13:"default_value";s:111:"Parcelamento em até 12x.Taxas das administradoras do cartão de crédito já inclusas.Taxa mínima: R$ 2,00.";s:7:"toolbar";s:5:"basic";s:12:"media_upload";s:2:"no";s:17:"conditional_logic";a:3:{s:6:"status";s:1:"0";s:5:"rules";a:1:{i:0;a:3:{s:5:"field";s:4:"null";s:8:"operator";s:2:"==";s:5:"value";s:0:"";}}s:8:"allorany";s:3:"all";}s:8:"order_no";i:27;}]]></wp:meta_value>
		</wp:postmeta>
		<wp:postmeta>
			<wp:meta_key>field_5aae62d3db0bc</wp:meta_key>
			<wp:meta_value><![CDATA[a:14:{s:3:"key";s:19:"field_5aae62d3db0bc";s:5:"label";s:23:"Melhores taxas titulo 3";s:4:"name";s:23:"melhores_taxas_titulo_3";s:4:"type";s:4:"text";s:12:"instructions";s:0:"";s:8:"required";s:1:"1";s:13:"default_value";s:26:"TAXA POR INGRESSO GRATUITO";s:11:"placeholder";s:0:"";s:7:"prepend";s:0:"";s:6:"append";s:0:"";s:10:"formatting";s:4:"none";s:9:"maxlength";s:0:"";s:17:"conditional_logic";a:3:{s:6:"status";s:1:"0";s:5:"rules";a:1:{i:0;a:3:{s:5:"field";s:4:"null";s:8:"operator";s:2:"==";s:5:"value";s:0:"";}}s:8:"allorany";s:3:"all";}s:8:"order_no";i:28;}]]></wp:meta_value>
		</wp:postmeta>
		<wp:postmeta>
			<wp:meta_key>field_5aae62ecdb0bd</wp:meta_key>
			<wp:meta_value><![CDATA[a:14:{s:3:"key";s:19:"field_5aae62ecdb0bd";s:5:"label";s:32:"Melhores taxas utilize sem pagar";s:4:"name";s:32:"melhores_taxas_utilize_sem_pagar";s:4:"type";s:4:"text";s:12:"instructions";s:0:"";s:8:"required";s:1:"1";s:13:"default_value";s:64:"Utilize todos os benefícios e recursos sem pagar nada por isso!";s:11:"placeholder";s:0:"";s:7:"prepend";s:0:"";s:6:"append";s:0:"";s:10:"formatting";s:4:"none";s:9:"maxlength";s:0:"";s:17:"conditional_logic";a:3:{s:6:"status";s:1:"0";s:5:"rules";a:1:{i:0;a:3:{s:5:"field";s:4:"null";s:8:"operator";s:2:"==";s:5:"value";s:0:"";}}s:8:"allorany";s:3:"all";}s:8:"order_no";i:29;}]]></wp:meta_value>
		</wp:postmeta>
		<wp:postmeta>
			<wp:meta_key>field_5aae67822c2bf</wp:meta_key>
			<wp:meta_value><![CDATA[a:8:{s:3:"key";s:19:"field_5aae67822c2bf";s:5:"label";s:14:"Sua audiência";s:4:"name";s:0:"";s:4:"type";s:3:"tab";s:12:"instructions";s:0:"";s:8:"required";s:1:"0";s:17:"conditional_logic";a:3:{s:6:"status";s:1:"0";s:5:"rules";a:1:{i:0;a:3:{s:5:"field";s:4:"null";s:8:"operator";s:2:"==";s:5:"value";s:0:"";}}s:8:"allorany";s:3:"all";}s:8:"order_no";i:30;}]]></wp:meta_value>
		</wp:postmeta>
		<wp:postmeta>
			<wp:meta_key>field_5aae679a2c2c0</wp:meta_key>
			<wp:meta_value><![CDATA[a:14:{s:3:"key";s:19:"field_5aae679a2c2c0";s:5:"label";s:21:"Sua audiência titulo";s:4:"name";s:20:"sua_audiencia_titulo";s:4:"type";s:4:"text";s:12:"instructions";s:0:"";s:8:"required";s:1:"1";s:13:"default_value";s:28:"SUA AUDIÊNCIA EM TEMPO REAL";s:11:"placeholder";s:0:"";s:7:"prepend";s:0:"";s:6:"append";s:0:"";s:10:"formatting";s:4:"none";s:9:"maxlength";s:0:"";s:17:"conditional_logic";a:3:{s:6:"status";s:1:"0";s:5:"rules";a:1:{i:0;a:3:{s:5:"field";s:4:"null";s:8:"operator";s:2:"==";s:5:"value";s:0:"";}}s:8:"allorany";s:3:"all";}s:8:"order_no";i:32;}]]></wp:meta_value>
		</wp:postmeta>
		<wp:postmeta>
			<wp:meta_key>field_5aae67b12c2c1</wp:meta_key>
			<wp:meta_value><![CDATA[a:14:{s:3:"key";s:19:"field_5aae67b12c2c1";s:5:"label";s:26:"Sua audiência descrição";s:4:"name";s:23:"sua_audiencia_descricao";s:4:"type";s:4:"text";s:12:"instructions";s:0:"";s:8:"required";s:1:"1";s:13:"default_value";s:133:"Você acompanha cada passo do seu evento em tempo real e escolhe as melhores estratégias, reduzindo custos e aumentando a qualidade.";s:11:"placeholder";s:0:"";s:7:"prepend";s:0:"";s:6:"append";s:0:"";s:10:"formatting";s:4:"none";s:9:"maxlength";s:0:"";s:17:"conditional_logic";a:3:{s:6:"status";s:1:"0";s:5:"rules";a:1:{i:0;a:3:{s:5:"field";s:4:"null";s:8:"operator";s:2:"==";s:5:"value";s:0:"";}}s:8:"allorany";s:3:"all";}s:8:"order_no";i:33;}]]></wp:meta_value>
		</wp:postmeta>
		<wp:postmeta>
			<wp:meta_key>field_5aae680902f73</wp:meta_key>
			<wp:meta_value><![CDATA[a:11:{s:3:"key";s:19:"field_5aae680902f73";s:5:"label";s:21:"Sua audiência imagem";s:4:"name";s:20:"sua_audiencia_imagem";s:4:"type";s:5:"image";s:12:"instructions";s:0:"";s:8:"required";s:1:"1";s:11:"save_format";s:3:"url";s:12:"preview_size";s:6:"medium";s:7:"library";s:3:"all";s:17:"conditional_logic";a:3:{s:6:"status";s:1:"0";s:5:"rules";a:1:{i:0;a:3:{s:5:"field";s:4:"null";s:8:"operator";s:2:"==";s:5:"value";s:0:"";}}s:8:"allorany";s:3:"all";}s:8:"order_no";i:31;}]]></wp:meta_value>
		</wp:postmeta>
		<wp:postmeta>
			<wp:meta_key>field_5aae69547de2b</wp:meta_key>
			<wp:meta_value><![CDATA[a:8:{s:3:"key";s:19:"field_5aae69547de2b";s:5:"label";s:21:"Conheça seu público";s:4:"name";s:0:"";s:4:"type";s:3:"tab";s:12:"instructions";s:0:"";s:8:"required";s:1:"0";s:17:"conditional_logic";a:3:{s:6:"status";s:1:"0";s:5:"rules";a:1:{i:0;a:3:{s:5:"field";s:4:"null";s:8:"operator";s:2:"==";s:5:"value";s:0:"";}}s:8:"allorany";s:3:"all";}s:8:"order_no";i:34;}]]></wp:meta_value>
		</wp:postmeta>
		<wp:postmeta>
			<wp:meta_key>field_5aae696d7de2c</wp:meta_key>
			<wp:meta_value><![CDATA[a:14:{s:3:"key";s:19:"field_5aae696d7de2c";s:5:"label";s:28:"Conheça seu público titulo";s:4:"name";s:27:"conheça_seu_publico_titulo";s:4:"type";s:4:"text";s:12:"instructions";s:0:"";s:8:"required";s:1:"1";s:13:"default_value";s:28:"CONHEÇA MELHOR SEU PÚBLICO";s:11:"placeholder";s:0:"";s:7:"prepend";s:0:"";s:6:"append";s:0:"";s:10:"formatting";s:4:"none";s:9:"maxlength";s:0:"";s:17:"conditional_logic";a:3:{s:6:"status";s:1:"0";s:5:"rules";a:1:{i:0;a:3:{s:5:"field";s:4:"null";s:8:"operator";s:2:"==";s:5:"value";s:0:"";}}s:8:"allorany";s:3:"all";}s:8:"order_no";i:36;}]]></wp:meta_value>
		</wp:postmeta>
		<wp:postmeta>
			<wp:meta_key>field_5aae698d7de2d</wp:meta_key>
			<wp:meta_value><![CDATA[a:11:{s:3:"key";s:19:"field_5aae698d7de2d";s:5:"label";s:32:"Conheça seu publico descrição";s:4:"name";s:29:"conheca_seu_publico_descricao";s:4:"type";s:7:"wysiwyg";s:12:"instructions";s:0:"";s:8:"required";s:1:"1";s:13:"default_value";s:186:"Nossa base de contatos inteligente mostra o histórico de cada participante ao longo de todos os seus eventos, o que possibilita a criação de estratégias de marketing mais assertivas.";s:7:"toolbar";s:5:"basic";s:12:"media_upload";s:2:"no";s:17:"conditional_logic";a:3:{s:6:"status";s:1:"0";s:5:"rules";a:1:{i:0;a:3:{s:5:"field";s:4:"null";s:8:"operator";s:2:"==";s:5:"value";s:0:"";}}s:8:"allorany";s:3:"all";}s:8:"order_no";i:37;}]]></wp:meta_value>
		</wp:postmeta>
		<wp:postmeta>
			<wp:meta_key>field_5aae69c67de2e</wp:meta_key>
			<wp:meta_value><![CDATA[a:11:{s:3:"key";s:19:"field_5aae69c67de2e";s:5:"label";s:27:"Conheça seu publico imagem";s:4:"name";s:26:"conheca_seu_publico_imagem";s:4:"type";s:5:"image";s:12:"instructions";s:0:"";s:8:"required";s:1:"1";s:11:"save_format";s:3:"url";s:12:"preview_size";s:6:"medium";s:7:"library";s:3:"all";s:17:"conditional_logic";a:3:{s:6:"status";s:1:"0";s:5:"rules";a:1:{i:0;a:3:{s:5:"field";s:4:"null";s:8:"operator";s:2:"==";s:5:"value";s:0:"";}}s:8:"allorany";s:3:"all";}s:8:"order_no";i:35;}]]></wp:meta_value>
		</wp:postmeta>
		<wp:postmeta>
			<wp:meta_key>field_5aae6a99b966d</wp:meta_key>
			<wp:meta_value><![CDATA[a:8:{s:3:"key";s:19:"field_5aae6a99b966d";s:5:"label";s:10:"Menos fila";s:4:"name";s:0:"";s:4:"type";s:3:"tab";s:12:"instructions";s:0:"";s:8:"required";s:1:"0";s:17:"conditional_logic";a:3:{s:6:"status";s:1:"0";s:5:"rules";a:1:{i:0;a:3:{s:5:"field";s:4:"null";s:8:"operator";s:2:"==";s:5:"value";s:0:"";}}s:8:"allorany";s:3:"all";}s:8:"order_no";i:38;}]]></wp:meta_value>
		</wp:postmeta>
		<wp:postmeta>
			<wp:meta_key>field_5aae6ab2b966e</wp:meta_key>
			<wp:meta_value><![CDATA[a:14:{s:3:"key";s:19:"field_5aae6ab2b966e";s:5:"label";s:17:"Menos fila titulo";s:4:"name";s:17:"menos_fila_titulo";s:4:"type";s:4:"text";s:12:"instructions";s:0:"";s:8:"required";s:1:"1";s:13:"default_value";s:38:"MENOS FILAS, CLIENTES MAIS SATISFEITOS";s:11:"placeholder";s:0:"";s:7:"prepend";s:0:"";s:6:"append";s:0:"";s:10:"formatting";s:4:"none";s:9:"maxlength";s:0:"";s:17:"conditional_logic";a:3:{s:6:"status";s:1:"0";s:5:"rules";a:1:{i:0;a:3:{s:5:"field";s:4:"null";s:8:"operator";s:2:"==";s:5:"value";s:0:"";}}s:8:"allorany";s:3:"all";}s:8:"order_no";i:39;}]]></wp:meta_value>
		</wp:postmeta>
		<wp:postmeta>
			<wp:meta_key>field_5aae6ac5b966f</wp:meta_key>
			<wp:meta_value><![CDATA[a:14:{s:3:"key";s:19:"field_5aae6ac5b966f";s:5:"label";s:22:"Menos fila descrição";s:4:"name";s:20:"menos_fila_descricao";s:4:"type";s:4:"text";s:12:"instructions";s:0:"";s:8:"required";s:1:"1";s:13:"default_value";s:131:"Faça o check-in dos participantes rapidamente em qualquer tipo de dispositivo, através de busca automática ou leitor de QR Code.";s:11:"placeholder";s:0:"";s:7:"prepend";s:0:"";s:6:"append";s:0:"";s:10:"formatting";s:4:"none";s:9:"maxlength";s:0:"";s:17:"conditional_logic";a:3:{s:6:"status";s:1:"0";s:5:"rules";a:1:{i:0;a:3:{s:5:"field";s:4:"null";s:8:"operator";s:2:"==";s:5:"value";s:0:"";}}s:8:"allorany";s:3:"all";}s:8:"order_no";i:40;}]]></wp:meta_value>
		</wp:postmeta>
		<wp:postmeta>
			<wp:meta_key>field_5aae6c28da6fa</wp:meta_key>
			<wp:meta_value><![CDATA[a:8:{s:3:"key";s:19:"field_5aae6c28da6fa";s:5:"label";s:20:"Quem ja está usando";s:4:"name";s:0:"";s:4:"type";s:3:"tab";s:12:"instructions";s:0:"";s:8:"required";s:1:"1";s:17:"conditional_logic";a:3:{s:6:"status";s:1:"0";s:5:"rules";a:1:{i:0;a:3:{s:5:"field";s:4:"null";s:8:"operator";s:2:"==";s:5:"value";s:0:"";}}s:8:"allorany";s:3:"all";}s:8:"order_no";i:41;}]]></wp:meta_value>
		</wp:postmeta>
		<wp:postmeta>
			<wp:meta_key>field_5aae6c44da6fb</wp:meta_key>
			<wp:meta_value><![CDATA[a:14:{s:3:"key";s:19:"field_5aae6c44da6fb";s:5:"label";s:33:"Veja quem já está usando titulo";s:4:"name";s:24:"veja_quem_ja_esta_usando";s:4:"type";s:4:"text";s:12:"instructions";s:0:"";s:8:"required";s:1:"1";s:13:"default_value";s:26:"Veja quem já está usando";s:11:"placeholder";s:0:"";s:7:"prepend";s:0:"";s:6:"append";s:0:"";s:10:"formatting";s:4:"none";s:9:"maxlength";s:0:"";s:17:"conditional_logic";a:3:{s:6:"status";s:1:"0";s:5:"rules";a:1:{i:0;a:3:{s:5:"field";s:4:"null";s:8:"operator";s:2:"==";s:5:"value";s:0:"";}}s:8:"allorany";s:3:"all";}s:8:"order_no";i:42;}]]></wp:meta_value>
		</wp:postmeta>
		<wp:postmeta>
			<wp:meta_key>field_5aae6c9c98c01</wp:meta_key>
			<wp:meta_value><![CDATA[a:11:{s:3:"key";s:19:"field_5aae6c9c98c01";s:5:"label";s:27:"Quem já esta usando Logo 1";s:4:"name";s:26:"quem_ja_esta_usando_logo_1";s:4:"type";s:5:"image";s:12:"instructions";s:0:"";s:8:"required";s:1:"1";s:11:"save_format";s:3:"url";s:12:"preview_size";s:9:"thumbnail";s:7:"library";s:3:"all";s:17:"conditional_logic";a:3:{s:6:"status";s:1:"0";s:5:"rules";a:1:{i:0;a:3:{s:5:"field";s:4:"null";s:8:"operator";s:2:"==";s:5:"value";s:0:"";}}s:8:"allorany";s:3:"all";}s:8:"order_no";i:43;}]]></wp:meta_value>
		</wp:postmeta>
		<wp:postmeta>
			<wp:meta_key>field_5aae6cd01452f</wp:meta_key>
			<wp:meta_value><![CDATA[a:11:{s:3:"key";s:19:"field_5aae6cd01452f";s:5:"label";s:27:"Quem já esta usando Logo 2";s:4:"name";s:26:"quem_ja_esta_usando_logo_2";s:4:"type";s:5:"image";s:12:"instructions";s:0:"";s:8:"required";s:1:"1";s:11:"save_format";s:3:"url";s:12:"preview_size";s:9:"thumbnail";s:7:"library";s:3:"all";s:17:"conditional_logic";a:3:{s:6:"status";s:1:"0";s:5:"rules";a:1:{i:0;a:3:{s:5:"field";s:4:"null";s:8:"operator";s:2:"==";s:5:"value";s:0:"";}}s:8:"allorany";s:3:"all";}s:8:"order_no";i:44;}]]></wp:meta_value>
		</wp:postmeta>
		<wp:postmeta>
			<wp:meta_key>field_5aae6ce114530</wp:meta_key>
			<wp:meta_value><![CDATA[a:11:{s:3:"key";s:19:"field_5aae6ce114530";s:5:"label";s:27:"Quem já esta usando Logo 3";s:4:"name";s:26:"quem_ja_esta_usando_logo_3";s:4:"type";s:5:"image";s:12:"instructions";s:0:"";s:8:"required";s:1:"1";s:11:"save_format";s:3:"url";s:12:"preview_size";s:9:"thumbnail";s:7:"library";s:3:"all";s:17:"conditional_logic";a:3:{s:6:"status";s:1:"0";s:5:"rules";a:1:{i:0;a:3:{s:5:"field";s:4:"null";s:8:"operator";s:2:"==";s:5:"value";s:0:"";}}s:8:"allorany";s:3:"all";}s:8:"order_no";i:45;}]]></wp:meta_value>
		</wp:postmeta>
		<wp:postmeta>
			<wp:meta_key>field_5aae6cec14531</wp:meta_key>
			<wp:meta_value><![CDATA[a:11:{s:3:"key";s:19:"field_5aae6cec14531";s:5:"label";s:27:"Quem já esta usando Logo 4";s:4:"name";s:26:"quem_ja_esta_usando_logo_4";s:4:"type";s:5:"image";s:12:"instructions";s:0:"";s:8:"required";s:1:"1";s:11:"save_format";s:3:"url";s:12:"preview_size";s:9:"thumbnail";s:7:"library";s:3:"all";s:17:"conditional_logic";a:3:{s:6:"status";s:1:"0";s:5:"rules";a:1:{i:0;a:3:{s:5:"field";s:4:"null";s:8:"operator";s:2:"==";s:5:"value";s:0:"";}}s:8:"allorany";s:3:"all";}s:8:"order_no";i:46;}]]></wp:meta_value>
		</wp:postmeta>
		<wp:postmeta>
			<wp:meta_key>field_5aae6cf314532</wp:meta_key>
			<wp:meta_value><![CDATA[a:11:{s:3:"key";s:19:"field_5aae6cf314532";s:5:"label";s:27:"Quem já esta usando Logo 5";s:4:"name";s:26:"quem_ja_esta_usando_logo_5";s:4:"type";s:5:"image";s:12:"instructions";s:0:"";s:8:"required";s:1:"1";s:11:"save_format";s:3:"url";s:12:"preview_size";s:9:"thumbnail";s:7:"library";s:3:"all";s:17:"conditional_logic";a:3:{s:6:"status";s:1:"0";s:5:"rules";a:1:{i:0;a:3:{s:5:"field";s:4:"null";s:8:"operator";s:2:"==";s:5:"value";s:0:"";}}s:8:"allorany";s:3:"all";}s:8:"order_no";i:47;}]]></wp:meta_value>
		</wp:postmeta>
		<wp:postmeta>
			<wp:meta_key>field_5aae6cfc14533</wp:meta_key>
			<wp:meta_value><![CDATA[a:11:{s:3:"key";s:19:"field_5aae6cfc14533";s:5:"label";s:27:"Quem já esta usando Logo 6";s:4:"name";s:26:"quem_ja_esta_usando_logo_6";s:4:"type";s:5:"image";s:12:"instructions";s:0:"";s:8:"required";s:1:"1";s:11:"save_format";s:3:"url";s:12:"preview_size";s:9:"thumbnail";s:7:"library";s:3:"all";s:17:"conditional_logic";a:3:{s:6:"status";s:1:"0";s:5:"rules";a:1:{i:0;a:3:{s:5:"field";s:4:"null";s:8:"operator";s:2:"==";s:5:"value";s:0:"";}}s:8:"allorany";s:3:"all";}s:8:"order_no";i:48;}]]></wp:meta_value>
		</wp:postmeta>
		<wp:postmeta>
			<wp:meta_key>field_5aae6e04cc38f</wp:meta_key>
			<wp:meta_value><![CDATA[a:8:{s:3:"key";s:19:"field_5aae6e04cc38f";s:5:"label";s:18:"Ainda com dúvidas";s:4:"name";s:0:"";s:4:"type";s:3:"tab";s:12:"instructions";s:0:"";s:8:"required";s:1:"0";s:17:"conditional_logic";a:3:{s:6:"status";s:1:"0";s:5:"rules";a:1:{i:0;a:3:{s:5:"field";s:4:"null";s:8:"operator";s:2:"==";s:5:"value";s:0:"";}}s:8:"allorany";s:3:"all";}s:8:"order_no";i:49;}]]></wp:meta_value>
		</wp:postmeta>
		<wp:postmeta>
			<wp:meta_key>field_5aae6e12cc390</wp:meta_key>
			<wp:meta_value><![CDATA[a:14:{s:3:"key";s:19:"field_5aae6e12cc390";s:5:"label";s:25:"Ainda com dúvidas titulo";s:4:"name";s:24:"ainda_com_duvidas_titulo";s:4:"type";s:4:"text";s:12:"instructions";s:0:"";s:8:"required";s:1:"1";s:13:"default_value";s:19:"AINDA COM DÚVIDAS?";s:11:"placeholder";s:0:"";s:7:"prepend";s:0:"";s:6:"append";s:0:"";s:10:"formatting";s:4:"none";s:9:"maxlength";s:0:"";s:17:"conditional_logic";a:3:{s:6:"status";s:1:"0";s:5:"rules";a:1:{i:0;a:3:{s:5:"field";s:4:"null";s:8:"operator";s:2:"==";s:5:"value";s:0:"";}}s:8:"allorany";s:3:"all";}s:8:"order_no";i:50;}]]></wp:meta_value>
		</wp:postmeta>
		<wp:postmeta>
			<wp:meta_key>field_5aae6e26cc391</wp:meta_key>
			<wp:meta_value><![CDATA[a:14:{s:3:"key";s:19:"field_5aae6e26cc391";s:5:"label";s:30:"Ainda com dúvidas descrição";s:4:"name";s:27:"ainda_com_duvidas_descricao";s:4:"type";s:4:"text";s:12:"instructions";s:0:"";s:8:"required";s:1:"1";s:13:"default_value";s:159:"Solicite uma demonstração focada no seu evento, tire suas dúvidas com nossos especialistas e entenda porque tantos organizadores de eventos preferem o Lets.";s:11:"placeholder";s:0:"";s:7:"prepend";s:0:"";s:6:"append";s:0:"";s:10:"formatting";s:4:"none";s:9:"maxlength";s:0:"";s:17:"conditional_logic";a:3:{s:6:"status";s:1:"0";s:5:"rules";a:1:{i:0;a:3:{s:5:"field";s:4:"null";s:8:"operator";s:2:"==";s:5:"value";s:0:"";}}s:8:"allorany";s:3:"all";}s:8:"order_no";i:51;}]]></wp:meta_value>
		</wp:postmeta>
		<wp:postmeta>
			<wp:meta_key>field_5aae6e46cc392</wp:meta_key>
			<wp:meta_value><![CDATA[a:14:{s:3:"key";s:19:"field_5aae6e46cc392";s:5:"label";s:25:"Ainda com dúvidas botão";s:4:"name";s:23:"ainda_com_duvidas_botao";s:4:"type";s:4:"text";s:12:"instructions";s:0:"";s:8:"required";s:1:"0";s:13:"default_value";s:15:"Solicitar agora";s:11:"placeholder";s:0:"";s:7:"prepend";s:0:"";s:6:"append";s:0:"";s:10:"formatting";s:4:"none";s:9:"maxlength";s:0:"";s:17:"conditional_logic";a:3:{s:6:"status";s:1:"0";s:5:"rules";a:1:{i:0;a:3:{s:5:"field";s:4:"null";s:8:"operator";s:2:"==";s:5:"value";s:0:"";}}s:8:"allorany";s:3:"all";}s:8:"order_no";i:52;}]]></wp:meta_value>
		</wp:postmeta>
		<wp:postmeta>
			<wp:meta_key>field_5aae726f3fb07</wp:meta_key>
			<wp:meta_value><![CDATA[a:8:{s:3:"key";s:19:"field_5aae726f3fb07";s:5:"label";s:5:"Modal";s:4:"name";s:0:"";s:4:"type";s:3:"tab";s:12:"instructions";s:0:"";s:8:"required";s:1:"0";s:17:"conditional_logic";a:3:{s:6:"status";s:1:"0";s:5:"rules";a:1:{i:0;a:2:{s:5:"field";s:4:"null";s:8:"operator";s:2:"==";}}s:8:"allorany";s:3:"all";}s:8:"order_no";i:53;}]]></wp:meta_value>
		</wp:postmeta>
		<wp:postmeta>
			<wp:meta_key>field_5aae72793fb08</wp:meta_key>
			<wp:meta_value><![CDATA[a:11:{s:3:"key";s:19:"field_5aae72793fb08";s:5:"label";s:29:"Vídeo do Modal - Embed Video";s:4:"name";s:14:"video_do_modal";s:4:"type";s:7:"wysiwyg";s:12:"instructions";s:0:"";s:8:"required";s:1:"1";s:13:"default_value";s:0:"";s:7:"toolbar";s:4:"full";s:12:"media_upload";s:2:"no";s:17:"conditional_logic";a:3:{s:6:"status";s:1:"0";s:5:"rules";a:1:{i:0;a:2:{s:5:"field";s:4:"null";s:8:"operator";s:2:"==";}}s:8:"allorany";s:3:"all";}s:8:"order_no";i:54;}]]></wp:meta_value>
		</wp:postmeta>
		<wp:postmeta>
			<wp:meta_key>rule</wp:meta_key>
			<wp:meta_value><![CDATA[a:5:{s:5:"param";s:13:"page_template";s:8:"operator";s:2:"==";s:5:"value";s:9:"index.php";s:8:"order_no";i:0;s:8:"group_no";i:0;}]]></wp:meta_value>
		</wp:postmeta>
	</item>
</channel>
</rss>
